{
  "designerVersion" : "1.10.50",
  "id" : "homePage",
  "name" : "homePage",
  "lastUpdate" : 1584719453902,
  "rows" : [
    [
      {
        "type" : "container",
        "dimension" : {
          "xs" : 12
        },
        "propertyValues" : {
          "cssClasses" : {
            "type" : "constant",
            "value" : ""
          },
          "hidden" : {
            "type" : "constant",
            "value" : false
          },
          "repeatedCollection" : {
            "type" : "variable",
            "value" : ""
          }
        },
        "reference" : "a3239384-1ed6-467c-b700-4f50139e9f5a",
        "hasValidationError" : false,
        "id" : "pbContainer",
        "rows" : [
          [
            {
              "type" : "component",
              "dimension" : {
                "xs" : 12
              },
              "propertyValues" : {
                "cssClasses" : {
                  "type" : "constant",
                  "value" : ""
                },
                "hidden" : {
                  "type" : "constant",
                  "value" : false
                },
                "labelHidden" : {
                  "type" : "constant",
                  "value" : true
                },
                "label" : {
                  "type" : "interpolation",
                  "value" : "Default label"
                },
                "labelPosition" : {
                  "type" : "constant",
                  "value" : "top"
                },
                "labelWidth" : {
                  "type" : "constant",
                  "value" : 4
                },
                "allowHTML" : {
                  "type" : "constant",
                  "value" : true
                },
                "text" : {
                  "type" : "interpolation",
                  "value" : "Task List for the current user ({{currentUser.user_name}})"
                },
                "alignment" : {
                  "type" : "constant",
                  "value" : "left"
                }
              },
              "reference" : "8fadce4a-41da-4838-80ec-27ef621bd414",
              "hasValidationError" : false,
              "id" : "pbText"
            }
          ],
          [
            {
              "type" : "component",
              "dimension" : {
                "xs" : 12
              },
              "propertyValues" : {
                "cssClasses" : {
                  "type" : "constant",
                  "value" : ""
                },
                "hidden" : {
                  "type" : "constant",
                  "value" : false
                },
                "labelHidden" : {
                  "type" : "constant",
                  "value" : true
                },
                "label" : {
                  "type" : "interpolation",
                  "value" : "Default label"
                },
                "labelPosition" : {
                  "type" : "constant",
                  "value" : "top"
                },
                "labelWidth" : {
                  "type" : "constant",
                  "value" : 4
                },
                "allowHTML" : {
                  "type" : "constant",
                  "value" : true
                },
                "text" : {
                  "type" : "interpolation",
                  "value" : "<h2>Attention:</h2> \nTaks might not be assigned to the current user (but be pending for a group of people). <br>To make this work smoothly make sure that the targeted form is using a submit button with the <b>'Assign before Submit'</b> option set to <b>yes</b>.<br>\nOtherwise when submitting the form you may have an error saying that the task is not assigne to the current user.\n<br>\n<br>\nYou should also make sure that the <b>'Target URL on success'</b> is set to an URL that points to your current application (you can use # for instance)"
                },
                "alignment" : {
                  "type" : "constant",
                  "value" : "left"
                }
              },
              "reference" : "067af159-45bd-48e0-bb74-261f89ab00b7",
              "hasValidationError" : false,
              "id" : "pbText"
            }
          ],
          [
            {
              "type" : "component",
              "dimension" : {
                "xs" : 12
              },
              "propertyValues" : {
                "cssClasses" : {
                  "type" : "constant",
                  "value" : ""
                },
                "hidden" : {
                  "type" : "expression",
                  "value" : "tasklist.length > 0"
                },
                "labelHidden" : {
                  "type" : "constant",
                  "value" : true
                },
                "label" : {
                  "type" : "interpolation",
                  "value" : "Default label"
                },
                "labelPosition" : {
                  "type" : "constant",
                  "value" : "top"
                },
                "labelWidth" : {
                  "type" : "constant",
                  "value" : 4
                },
                "allowHTML" : {
                  "type" : "constant",
                  "value" : true
                },
                "text" : {
                  "type" : "interpolation",
                  "value" : "Current user has currently no task to perform"
                },
                "alignment" : {
                  "type" : "constant",
                  "value" : "left"
                }
              },
              "reference" : "e8aac9d5-cb17-4a1d-be96-104dc75fa07a",
              "hasValidationError" : false,
              "id" : "pbText"
            }
          ],
          [
            {
              "type" : "container",
              "dimension" : {
                "xs" : 12
              },
              "propertyValues" : {
                "cssClasses" : {
                  "type" : "constant",
                  "value" : ""
                },
                "hidden" : {
                  "type" : "constant",
                  "value" : false
                },
                "repeatedCollection" : {
                  "type" : "variable",
                  "value" : "tasklist"
                }
              },
              "reference" : "a85fcc48-895a-449b-a218-c19fb8646060",
              "hasValidationError" : false,
              "id" : "pbContainer",
              "rows" : [
                [
                  {
                    "type" : "component",
                    "dimension" : {
                      "xs" : 12
                    },
                    "propertyValues" : {
                      "cssClasses" : {
                        "type" : "constant",
                        "value" : ""
                      },
                      "hidden" : {
                        "type" : "constant",
                        "value" : false
                      },
                      "text" : {
                        "type" : "interpolation",
                        "value" : "Link to {{$item.name}} form"
                      },
                      "type" : {
                        "type" : "constant",
                        "value" : "task"
                      },
                      "targetUrl" : {
                        "type" : "expression",
                        "value" : "\"http://localhost:8080/bonita/portal/form/taskInstance/\" + $item.id"
                      },
                      "pageToken" : {
                        "type" : "constant"
                      },
                      "processName" : {
                        "type" : "constant"
                      },
                      "processVersion" : {
                        "type" : "constant"
                      },
                      "taskId" : {
                        "type" : "expression",
                        "value" : "$item.id"
                      },
                      "caseId" : {
                        "type" : "constant"
                      },
                      "target" : {
                        "type" : "constant",
                        "value" : "_self"
                      },
                      "appToken" : {
                        "type" : "constant"
                      },
                      "urlParams" : {
                        "type" : "constant"
                      },
                      "alignment" : {
                        "type" : "constant",
                        "value" : "left"
                      },
                      "buttonStyle" : {
                        "type" : "constant",
                        "value" : "link"
                      }
                    },
                    "reference" : "d7def75f-8fbf-4481-9395-cc3f81be33b8",
                    "hasValidationError" : false,
                    "id" : "pbLink"
                  }
                ]
              ]
            }
          ]
        ]
      }
    ]
  ],
  "assets" : [
    {
      "id" : "f90d0d52-7d01-4094-8ffb-fb3f2b649d11",
      "name" : "style.css",
      "type" : "css",
      "order" : 0,
      "external" : false
    }
  ],
  "inactiveAssets" : [ ],
  "variables" : {
    "tasklist" : {
      "type" : "url",
      "value" : [
        "../API/bpm/humanTask?c=10&p=0&f=state=ready&f=user_id={{currentUser.user_id}}"
      ],
      "exposed" : false
    },
    "currentUser" : {
      "type" : "url",
      "value" : [
        "../API/system/session/1"
      ],
      "exposed" : false
    }
  },
  "hasValidationError" : false,
  "uuid" : "93b28d51-31df-4a26-abba-753b8caea336",
  "type" : "page",
  "description" : "Page generated with Bonita UI designer"
}