{
  "designerVersion" : "1.11.22",
  "id" : "ListCases",
  "name" : "ListCases",
  "lastUpdate" : 1584542457671,
  "rows" : [
    [
      {
        "type" : "container",
        "dimension" : {
          "xs" : 12
        },
        "propertyValues" : {
          "cssClasses" : {
            "type" : "constant",
            "value" : ""
          },
          "hidden" : {
            "type" : "constant",
            "value" : false
          },
          "repeatedCollection" : {
            "type" : "variable",
            "value" : ""
          }
        },
        "reference" : "57a68d44-be79-454e-aa8c-36da2dcf71ce",
        "hasValidationError" : false,
        "id" : "pbContainer",
        "rows" : [
          [
            {
              "type" : "component",
              "dimension" : {
                "xs" : 12
              },
              "propertyValues" : {
                "cssClasses" : {
                  "type" : "constant",
                  "value" : ""
                },
                "hidden" : {
                  "type" : "constant",
                  "value" : false
                },
                "labelHidden" : {
                  "type" : "constant",
                  "value" : true
                },
                "label" : {
                  "type" : "interpolation",
                  "value" : "Default label"
                },
                "labelPosition" : {
                  "type" : "constant",
                  "value" : "top"
                },
                "labelWidth" : {
                  "type" : "constant",
                  "value" : 4
                },
                "allowHTML" : {
                  "type" : "constant",
                  "value" : true
                },
                "text" : {
                  "type" : "interpolation",
                  "value" : "https://community.bonitasoft.com/questions-and-answers/how-get-value-itemxxx-link-widget-collection-url-parameter"
                },
                "alignment" : {
                  "type" : "constant",
                  "value" : "left"
                }
              },
              "reference" : "1ffe135f-5fca-4709-9f99-05f8506f2c80",
              "hasValidationError" : false,
              "id" : "pbText"
            }
          ]
        ]
      }
    ],
    [
      {
        "type" : "container",
        "dimension" : {
          "xs" : 12
        },
        "propertyValues" : {
          "cssClasses" : {
            "type" : "constant",
            "value" : ""
          },
          "hidden" : {
            "type" : "constant",
            "value" : false
          },
          "repeatedCollection" : {
            "type" : "variable",
            "value" : "cases"
          }
        },
        "reference" : "a174075d-7ab1-4783-bdbc-32bfddd75934",
        "hasValidationError" : false,
        "id" : "pbContainer",
        "rows" : [
          [
            {
              "type" : "component",
              "dimension" : {
                "xs" : 6
              },
              "propertyValues" : {
                "cssClasses" : {
                  "type" : "constant",
                  "value" : ""
                },
                "hidden" : {
                  "type" : "constant",
                  "value" : false
                },
                "labelHidden" : {
                  "type" : "constant",
                  "value" : true
                },
                "label" : {
                  "type" : "interpolation",
                  "value" : "Default label"
                },
                "labelPosition" : {
                  "type" : "constant",
                  "value" : "top"
                },
                "labelWidth" : {
                  "type" : "constant",
                  "value" : 4
                },
                "allowHTML" : {
                  "type" : "constant",
                  "value" : true
                },
                "text" : {
                  "type" : "interpolation",
                  "value" : "{{$item.id}}"
                },
                "alignment" : {
                  "type" : "constant",
                  "value" : "left"
                }
              },
              "reference" : "ed38d00d-a0e6-4e3a-946e-2077690ab743",
              "hasValidationError" : false,
              "id" : "pbText"
            },
            {
              "type" : "component",
              "dimension" : {
                "xs" : 6
              },
              "propertyValues" : {
                "cssClasses" : {
                  "type" : "constant",
                  "value" : ""
                },
                "hidden" : {
                  "type" : "constant",
                  "value" : false
                },
                "text" : {
                  "type" : "interpolation",
                  "value" : "Link"
                },
                "type" : {
                  "type" : "constant",
                  "value" : "URL"
                },
                "targetUrl" : {
                  "type" : "expression",
                  "value" : "\" http://..../UserDetails?\" + $item.id"
                },
                "pageToken" : {
                  "type" : "constant"
                },
                "processName" : {
                  "type" : "constant"
                },
                "processVersion" : {
                  "type" : "constant"
                },
                "taskId" : {
                  "type" : "constant"
                },
                "caseId" : {
                  "type" : "constant"
                },
                "target" : {
                  "type" : "constant",
                  "value" : "_self"
                },
                "appToken" : {
                  "type" : "constant"
                },
                "urlParams" : {
                  "type" : "constant"
                },
                "alignment" : {
                  "type" : "constant",
                  "value" : "left"
                },
                "buttonStyle" : {
                  "type" : "constant",
                  "value" : "link"
                }
              },
              "reference" : "a1981023-ae7c-4264-9861-e537d7fe0e27",
              "hasValidationError" : false,
              "id" : "pbLink"
            }
          ]
        ]
      }
    ]
  ],
  "assets" : [
    {
      "id" : "b4e57141-5e2b-40de-b395-0a4d76b80496",
      "name" : "style.css",
      "type" : "css",
      "order" : 0,
      "external" : false
    }
  ],
  "inactiveAssets" : [ ],
  "variables" : {
    "cases" : {
      "type" : "json",
      "value" : [
        "[{\"id\":\"123\"},{\"id\":\"456\"}]"
      ],
      "exposed" : false
    }
  },
  "hasValidationError" : false,
  "uuid" : "99958e94-20b3-4b5a-ac35-85e10a75d59d",
  "type" : "form",
  "description" : "Page generated with Bonita UI designer"
}